state_name,district_name,market_center_name,Variety,group_name,Arrival,MIN,MAX,MODAL,date_arrival
Maharashtra,Nashik,Lasalgaon,Red,Vegetables,1095,700,2355,2001,01-01-2022
Maharashtra,Nashik,Lasalgaon,Red,Vegetables,2153,700,2368,2100,01-03-2022
Maharashtra,Nashik,Lasalgaon,Red,Vegetables,2207,851,2424,2151,01-04-2022
Maharashtra,Nashik,Lasalgaon,Red,Vegetables,2297,800,2525,2151,01-05-2022
Maharashtra,Nashik,Lasalgaon,Red,Vegetables,2385,800,2585,2201,01-06-2022
Maharashtra,Nashik,Lasalgaon,Red,Vegetables,2639,700,2491,2180,01-07-2022
Maharashtra,Nashik,Lasalgaon,Red,Vegetables,2316,700,2500,2051,01-08-2022
Maharashtra,Nashik,Lasalgaon,Red,Vegetables,2441,800,2353,2070,01-10-2022
Maharashtra,Nashik,Lasalgaon,Red,Vegetables,2722,800,2564,2075,01-11-2022
Maharashtra,Nashik,Lasalgaon,Red,Vegetables,2962,700,2330,1850,01-12-2022
Maharashtra,Nashik,Lasalgaon,Red,Vegetables,1991,700,2516,2100,01-14-2022
Maharashtra,Nashik,Lasalgaon,Red,Vegetables,2398,700,2391,2100,01-17-2022
Maharashtra,Nashik,Lasalgaon,Red,Vegetables,1473,1000,2425,2000,01-18-2022
Maharashtra,Nashik,Lasalgaon,Red,Vegetables,2547,700,2590,2160,01-19-2022
Maharashtra,Nashik,Lasalgaon,Red,Vegetables,2395,900,2596,2270,01-20-2022
Maharashtra,Nashik,Lasalgaon,Red,Vegetables,2803,800,2552,2251,01-21-2022
Maharashtra,Nashik,Lasalgaon,Red,Vegetables,1681,700,2431,2260,01-22-2022
Maharashtra,Nashik,Lasalgaon,Red,Vegetables,2292,800,2525,2270,01-24-2022
Maharashtra,Nashik,Lasalgaon,Red,Vegetables,2872,700,2512,2260,01-25-2022
Maharashtra,Nashik,Lasalgaon,Red,Vegetables,1710,1000,2300,2100,01-27-2022
Maharashtra,Nashik,Lasalgaon,Red,Vegetables,2757,600,2540,2160,01-28-2022
Maharashtra,Nashik,Lasalgaon,Red,Vegetables,2001,700,2499,2151,01-29-2022
Maharashtra,Nashik,Lasalgaon,Red,Vegetables,2347,600,2490,2151,01-31-2022
Maharashtra,Nashik,Lasalgaon,Red,Vegetables,1602,500,2471,2140,02-01-2022
Maharashtra,Nashik,Lasalgaon,Red,Vegetables,2457,500,2514,2125,02-02-2022
Maharashtra,Nashik,Lasalgaon,Red,Vegetables,2190,601,2626,2060,02-03-2022
Maharashtra,Nashik,Lasalgaon,Red,Vegetables,2312,600,2661,2151,02-04-2022
Maharashtra,Nashik,Lasalgaon,Red,Vegetables,1307,551,2531,2170,02-05-2022
Maharashtra,Nashik,Lasalgaon,Red,Vegetables,950,900,2591,2201,02-07-2022
Maharashtra,Nashik,Lasalgaon,Red,Vegetables,2080,700,2690,2251,02-08-2022
Maharashtra,Nashik,Lasalgaon,Red,Vegetables,2013,800,2711,2351,02-09-2022
Maharashtra,Nashik,Lasalgaon,Red,Vegetables,1882,1000,2956,2640,02-10-2022
Maharashtra,Nashik,Lasalgaon,Red,Vegetables,2276,1100,2891,2651,02-11-2022
Maharashtra,Nashik,Lasalgaon,Red,Vegetables,1442,900,2891,2600,02-12-2022
Maharashtra,Nashik,Lasalgaon,Red,Vegetables,3338,700,2801,2300,02-14-2022
Maharashtra,Nashik,Lasalgaon,Other,Vegetables,3338,1000,2780,2300,02-14-2022
Maharashtra,Nashik,Lasalgaon,Red,Vegetables,1962,700,2817,2351,02-15-2022
Maharashtra,Nashik,Lasalgaon,Red,Vegetables,1959,800,2831,2270,02-16-2022
Maharashtra,Nashik,Lasalgaon,Red,Vegetables,1521,900,2922,2451,02-17-2022
Maharashtra,Nashik,Lasalgaon,Red,Vegetables,2285,1000,2999,2480,02-18-2022
Maharashtra,Nashik,Lasalgaon,Red,Vegetables,1616,801,2851,2430,02-21-2022
Maharashtra,Nashik,Lasalgaon,Red,Vegetables,1996,800,2722,2370,02-22-2022
Maharashtra,Nashik,Lasalgaon,Red,Vegetables,2069,800,2748,2330,02-23-2022
Maharashtra,Nashik,Lasalgaon,Red,Vegetables,1991,751,2686,2225,02-24-2022
Maharashtra,Nashik,Lasalgaon,Red,Vegetables,2204,701,2641,2170,02-25-2022
Maharashtra,Nashik,Lasalgaon,Other,Vegetables,2204,1000,2499,2451,02-25-2022
Maharashtra,Nashik,Lasalgaon,Red,Vegetables,1805,651,2625,2100,02-26-2022
Maharashtra,Nashik,Lasalgaon,Other,Vegetables,1805,1500,2430,2301,02-26-2022
Maharashtra,Nashik,Lasalgaon,Red,Vegetables,2681,700,2100,1815,02-28-2022
Maharashtra,Nashik,Lasalgaon,Other,Vegetables,2681,1000,2002,1770,02-28-2022
Maharashtra,Nashik,Lasalgaon,Red,Vegetables,1113,500,2101,1775,03-01-2022
Maharashtra,Nashik,Lasalgaon,Other,Vegetables,1113,1200,1952,1701,03-01-2022
Maharashtra,Nashik,Lasalgaon,Red,Vegetables,1667,500,2046,1670,03-02-2022
Maharashtra,Nashik,Lasalgaon,Other,Vegetables,1667,752,1901,1550,03-02-2022
Maharashtra,Nashik,Lasalgaon,Red,Vegetables,1740,900,1975,1650,03-03-2022
Maharashtra,Nashik,Lasalgaon,Other,Vegetables,1740,900,1903,1850,03-03-2022
Maharashtra,Nashik,Lasalgaon,Red,Vegetables,2965,800,2072,1550,03-04-2022
Maharashtra,Nashik,Lasalgaon,Other,Vegetables,2965,1090,1799,1600,03-04-2022
Maharashtra,Nashik,Lasalgaon,Red,Vegetables,2352,700,1861,1551,03-05-2022
Maharashtra,Nashik,Lasalgaon,Other,Vegetables,2352,551,1920,1675,03-05-2022
Maharashtra,Nashik,Lasalgaon,Red,Vegetables,3150,700,1691,1325,03-07-2022
Maharashtra,Nashik,Lasalgaon,Other,Vegetables,3150,900,1661,1360,03-07-2022
Maharashtra,Nashik,Lasalgaon,Red,Vegetables,3351,700,1680,1330,03-08-2022
Maharashtra,Nashik,Lasalgaon,Other,Vegetables,3351,751,1685,1440,03-08-2022
Maharashtra,Nashik,Lasalgaon,Red,Vegetables,2240,700,1655,1375,03-09-2022
Maharashtra,Nashik,Lasalgaon,Other,Vegetables,2240,900,1715,1640,03-09-2022
Maharashtra,Nashik,Lasalgaon,Red,Vegetables,226,700,1780,1375,03-10-2022
Maharashtra,Nashik,Lasalgaon,Other,Vegetables,226,851,1802,1450,03-10-2022
Maharashtra,Nashik,Lasalgaon,Red,Vegetables,2364,700,1688,1340,03-11-2022
Maharashtra,Nashik,Lasalgaon,Other,Vegetables,2364,900,1680,1350,03-11-2022
Maharashtra,Nashik,Lasalgaon,Red,Vegetables,1755,600,1671,1301,03-12-2022
Maharashtra,Nashik,Lasalgaon,Other,Vegetables,1755,900,1612,1325,03-12-2022
Maharashtra,Nashik,Lasalgaon,Red,Vegetables,2519,500,1551,1070,03-14-2022
Maharashtra,Nashik,Lasalgaon,Other,Vegetables,2519,800,1691,1215,03-14-2022
Maharashtra,Nashik,Lasalgaon,Red,Vegetables,2735,500,1325,960,03-15-2022
Maharashtra,Nashik,Lasalgaon,Other,Vegetables,2735,700,1655,1300,03-15-2022
Maharashtra,Nashik,Lasalgaon,Red,Vegetables,2962,500,1180,890,03-16-2022
Maharashtra,Nashik,Lasalgaon,Other,Vegetables,2962,700,1551,1275,03-16-2022
Maharashtra,Nashik,Lasalgaon,Red,Vegetables,1765,300,1125,875,03-17-2022
Maharashtra,Nashik,Lasalgaon,Other,Vegetables,1765,600,1420,1250,03-17-2022
Maharashtra,Nashik,Lasalgaon,Red,Vegetables,3448,500,960,801,03-21-2022
Maharashtra,Nashik,Lasalgaon,Other,Vegetables,3448,551,1340,1001,03-21-2022
Maharashtra,Nashik,Lasalgaon,Red,Vegetables,3316,401,999,801,03-23-2022
Maharashtra,Nashik,Lasalgaon,Other,Vegetables,3316,600,1436,1101,03-23-2022
Maharashtra,Nashik,Lasalgaon,Red,Vegetables,3327,400,1022,751,03-24-2022
Maharashtra,Nashik,Lasalgaon,Other,Vegetables,3327,600,1490,1101,03-24-2022
Maharashtra,Nashik,Lasalgaon,Red,Vegetables,2320,400,952,770,03-26-2022
Maharashtra,Nashik,Lasalgaon,Other,Vegetables,2320,500,1300,1001,03-26-2022
Maharashtra,Nashik,Lasalgaon,Red,Vegetables,2142,300,978,730,03-28-2022
Maharashtra,Nashik,Lasalgaon,Other,Vegetables,2142,600,1412,1150,03-28-2022
Maharashtra,Nashik,Lasalgaon,Red,Vegetables,2374,400,1012,801,03-29-2022
Maharashtra,Nashik,Lasalgaon,Other,Vegetables,2374,600,1456,1201,03-29-2022
Maharashtra,Nashik,Lasalgaon,Red,Vegetables,1858,400,903,700,04-02-2022
Maharashtra,Nashik,Lasalgaon,Other,Vegetables,1858,500,1252,1001,04-02-2022
Maharashtra,Nashik,Lasalgaon,Red,Vegetables,1643,300,839,651,04-04-2022
Maharashtra,Nashik,Lasalgaon,Other,Vegetables,1643,500,1271,1001,04-04-2022
Maharashtra,Nashik,Lasalgaon,Red,Vegetables,1220,400,851,700,04-05-2022
Maharashtra,Nashik,Lasalgaon,Other,Vegetables,1220,700,1241,1000,04-05-2022
Maharashtra,Nashik,Lasalgaon,Red,Vegetables,1956,400,881,660,04-06-2022
Maharashtra,Nashik,Lasalgaon,Other,Vegetables,1956,500,1295,1051,04-06-2022
Maharashtra,Nashik,Lasalgaon,Red,Vegetables,1769,400,926,701,04-07-2022
Maharashtra,Nashik,Lasalgaon,Other,Vegetables,1769,500,1303,1060,04-07-2022
Maharashtra,Nashik,Lasalgaon,Red,Vegetables,1804,400,931,751,04-08-2022
Maharashtra,Nashik,Lasalgaon,Other,Vegetables,1804,600,1215,1040,04-08-2022
Maharashtra,Nashik,Lasalgaon,Red,Vegetables,1107,300,912,700,04-09-2022
Maharashtra,Nashik,Lasalgaon,Other,Vegetables,1107,400,1201,980,04-09-2022
Maharashtra,Nashik,Lasalgaon,Red,Vegetables,1720,300,884,700,04-11-2022
Maharashtra,Nashik,Lasalgaon,Other,Vegetables,1720,400,1212,980,04-11-2022
Maharashtra,Nashik,Lasalgaon,Red,Vegetables,1475,300,881,720,04-12-2022
Maharashtra,Nashik,Lasalgaon,Other,Vegetables,1475,400,1158,975,04-12-2022
Maharashtra,Nashik,Lasalgaon,Red,Vegetables,1460,350,858,710,04-13-2022
Maharashtra,Nashik,Lasalgaon,Other,Vegetables,1460,410,1151,950,04-13-2022
Maharashtra,Nashik,Lasalgaon,Red,Vegetables,1105,400,841,700,04-15-2022
Maharashtra,Nashik,Lasalgaon,Other,Vegetables,1105,500,1190,1030,04-15-2022
Maharashtra,Nashik,Lasalgaon,Red,Vegetables,644,261,930,785,04-16-2022
Maharashtra,Nashik,Lasalgaon,Other,Vegetables,644,452,1280,1100,04-16-2022
Maharashtra,Nashik,Lasalgaon,Red,Vegetables,1362,300,860,700,04-18-2022
Maharashtra,Nashik,Lasalgaon,Other,Vegetables,1362,600,1360,1080,04-18-2022
Maharashtra,Nashik,Lasalgaon,Red,Vegetables,1557,300,920,810,04-19-2022
Maharashtra,Nashik,Lasalgaon,Other,Vegetables,1557,500,1336,1120,04-19-2022
Maharashtra,Nashik,Lasalgaon,Red,Vegetables,1583,300,831,651,04-20-2022
Maharashtra,Nashik,Lasalgaon,Other,Vegetables,1583,500,1304,1051,04-20-2022
Maharashtra,Nashik,Lasalgaon,Red,Vegetables,1350,300,811,630,04-21-2022
Maharashtra,Nashik,Lasalgaon,Other,Vegetables,1350,551,1251,1070,04-21-2022
Maharashtra,Nashik,Lasalgaon,Red,Vegetables,1216,300,830,760,04-22-2022
Maharashtra,Nashik,Lasalgaon,Other,Vegetables,1216,551,1290,1060,04-22-2022
Maharashtra,Nashik,Lasalgaon,Red,Vegetables,1078,300,775,701,04-23-2022
Maharashtra,Nashik,Lasalgaon,Other,Vegetables,1078,500,1301,1025,04-23-2022
Maharashtra,Nashik,Lasalgaon,Red,Vegetables,1592,300,752,500,04-25-2022
Maharashtra,Nashik,Lasalgaon,Other,Vegetables,1592,500,1260,975,04-25-2022
Maharashtra,Nashik,Lasalgaon,Other,Vegetables,1744,400,1360,960,04-26-2022
Maharashtra,Nashik,Lasalgaon,Other,Vegetables,1779,500,1400,950,04-27-2022
Maharashtra,Nashik,Lasalgaon,Other,Vegetables,1140,500,1330,950,04-28-2022
Maharashtra,Nashik,Lasalgaon,Other,Vegetables,1815,500,1372,975,04-29-2022
Maharashtra,Nashik,Lasalgaon,Other,Vegetables,741,400,1355,950,04-30-2022
Maharashtra,Nashik,Lasalgaon,Other,Vegetables,2422,500,1360,860,05-02-2022
Maharashtra,Nashik,Lasalgaon,Other,Vegetables,882,600,1326,851,05-03-2022
Maharashtra,Nashik,Lasalgaon,Other,Vegetables,1450,600,1401,901,05-04-2022
Maharashtra,Nashik,Lasalgaon,Other,Vegetables,1597,500,1360,851,05-05-2022
Maharashtra,Nashik,Lasalgaon,Other,Vegetables,1783,500,1370,960,05-06-2022
Maharashtra,Nashik,Lasalgaon,Other,Vegetables,665,400,1225,850,05-07-2022
Maharashtra,Nashik,Lasalgaon,Other,Vegetables,2598,400,1451,970,05-09-2022
Maharashtra,Nashik,Lasalgaon,Other,Vegetables,2105,500,1313,1151,05-10-2022
Maharashtra,Nashik,Lasalgaon,Red,Vegetables,2094,500,1391,880,05-11-2022
Maharashtra,Nashik,Lasalgaon,Other,Vegetables,2094,500,1312,850,05-11-2022
Maharashtra,Nashik,Lasalgaon,Other,Vegetables,1140,500,1201,850,05-12-2022
Maharashtra,Nashik,Lasalgaon,Other,Vegetables,1024,501,1221,890,05-14-2022
Maharashtra,Nashik,Lasalgaon,Other,Vegetables,1536,400,1446,925,05-16-2022
Maharashtra,Nashik,Lasalgaon,Other,Vegetables,1960,401,1386,880,05-17-2022
Maharashtra,Nashik,Lasalgaon,Other,Vegetables,1574,400,1390,901,05-18-2022
Maharashtra,Nashik,Lasalgaon,Other,Vegetables,1805,401,1382,951,05-19-2022
Maharashtra,Nashik,Lasalgaon,Other,Vegetables,1841,500,1355,880,05-20-2022
Maharashtra,Nashik,Lasalgaon,Other,Vegetables,1005,501,1251,851,05-21-2022
Maharashtra,Nashik,Lasalgaon,Other,Vegetables,1577,501,1371,825,05-23-2022
Maharashtra,Nashik,Lasalgaon,Other,Vegetables,1683,500,1381,875,05-24-2022
Maharashtra,Nashik,Lasalgaon,Other,Vegetables,1307,501,1398,951,05-25-2022
Maharashtra,Nashik,Lasalgaon,Other,Vegetables,1279,551,1395,975,05-26-2022
Maharashtra,Nashik,Lasalgaon,Other,Vegetables,1337,401,1370,930,05-27-2022
Maharashtra,Nashik,Lasalgaon,Other,Vegetables,915,501,1421,980,05-28-2022
Maharashtra,Nashik,Lasalgaon,Other,Vegetables,1307,601,1453,1110,05-30-2022
Maharashtra,Nashik,Lasalgaon,Other,Vegetables,2223,601,1500,1151,05-31-2022
Maharashtra,Nashik,Lasalgaon,Other,Vegetables,2446,601,1408,1051,06-01-2022
Maharashtra,Nashik,Lasalgaon,Other,Vegetables,1017,500,1400,1125,06-02-2022
Maharashtra,Nashik,Lasalgaon,Other,Vegetables,2425,651,1570,1180,06-03-2022
Maharashtra,Nashik,Lasalgaon,Other,Vegetables,1279,561,1418,1130,06-04-2022
Maharashtra,Nashik,Lasalgaon,Other,Vegetables,1979,501,1491,1080,06-06-2022
Maharashtra,Nashik,Lasalgaon,Other,Vegetables,1760,601,1451,1151,06-07-2022
Maharashtra,Nashik,Lasalgaon,Other,Vegetables,1583,601,1481,1130,06-08-2022
Maharashtra,Nashik,Lasalgaon,Other,Vegetables,1620,501,1500,1175,06-09-2022
Maharashtra,Nashik,Lasalgaon,Other,Vegetables,1928,601,1500,1180,06-10-2022
Maharashtra,Nashik,Lasalgaon,Other,Vegetables,1183,500,1488,1190,06-11-2022
Maharashtra,Nashik,Lasalgaon,Other,Vegetables,2215,651,1575,1225,06-13-2022
Maharashtra,Nashik,Lasalgaon,Other,Vegetables,2471,601,1562,1320,06-14-2022
Maharashtra,Nashik,Lasalgaon,Other,Vegetables,2354,601,1751,1360,06-15-2022
Maharashtra,Nashik,Lasalgaon,Other,Vegetables,2229,700,1801,1410,06-16-2022
Maharashtra,Nashik,Lasalgaon,Other,Vegetables,2822,701,1751,1310,06-17-2022
Maharashtra,Nashik,Lasalgaon,Other,Vegetables,1647,600,1821,1380,06-18-2022
Maharashtra,Nashik,Lasalgaon,Other,Vegetables,2670,600,1571,1280,06-20-2022
Maharashtra,Nashik,Lasalgaon,Other,Vegetables,2115,500,1800,1315,06-21-2022
Maharashtra,Nashik,Lasalgaon,Other,Vegetables,1923,600,1800,1301,06-22-2022
Maharashtra,Nashik,Lasalgaon,Other,Vegetables,1752,600,1801,1330,06-23-2022
Maharashtra,Nashik,Lasalgaon,Other,Vegetables,2384,551,1800,1370,06-24-2022
Maharashtra,Nashik,Lasalgaon,Other,Vegetables,1731,500,1800,1380,06-25-2022
Maharashtra,Nashik,Lasalgaon,Other,Vegetables,2597,600,1800,1370,06-27-2022
Maharashtra,Nashik,Lasalgaon,Other,Vegetables,2670,700,1800,1351,06-28-2022
Maharashtra,Nashik,Lasalgaon,Other,Vegetables,1769,551,1851,1375,06-29-2022
Maharashtra,Nashik,Lasalgaon,Other,Vegetables,2398,511,1800,1330,06-30-2022
Maharashtra,Nashik,Lasalgaon,Other,Vegetables,1190,700,1800,1351,07-01-2022
Maharashtra,Nashik,Lasalgaon,Other,Vegetables,2497,500,1800,1225,07-04-2022
Maharashtra,Nashik,Lasalgaon,Other,Vegetables,2027,600,1800,1290,07-05-2022
Maharashtra,Nashik,Lasalgaon,Other,Vegetables,2104,600,1800,1251,07-06-2022
Maharashtra,Nashik,Lasalgaon,Other,Vegetables,2208,600,1800,1240,07-07-2022
Maharashtra,Nashik,Lasalgaon,Other,Vegetables,2072,600,1800,1230,07-08-2022
Maharashtra,Nashik,Lasalgaon,Other,Vegetables,1422,600,1801,1230,07-09-2022
Maharashtra,Nashik,Lasalgaon,Other,Vegetables,1111,501,1801,1301,07-11-2022
Maharashtra,Nashik,Lasalgaon,Other,Vegetables,1947,601,1801,1280,07-12-2022
Maharashtra,Nashik,Lasalgaon,Other,Vegetables,2299,501,1801,1251,07-13-2022
Maharashtra,Nashik,Lasalgaon,Other,Vegetables,2347,500,1520,1225,07-14-2022
Maharashtra,Nashik,Lasalgaon,Other,Vegetables,2405,500,1480,1180,07-15-2022
Maharashtra,Nashik,Lasalgaon,Other,Vegetables,1517,551,1436,1200,07-16-2022
Maharashtra,Nashik,Lasalgaon,Other,Vegetables,2251,551,1502,1225,07-18-2022
Maharashtra,Nashik,Lasalgaon,Other,Vegetables,2012,500,1451,1140,07-19-2022
Maharashtra,Nashik,Lasalgaon,Other,Vegetables,2050,500,1468,1151,07-20-2022
Maharashtra,Nashik,Lasalgaon,Other,Vegetables,1813,501,1401,1125,07-21-2022
Maharashtra,Nashik,Lasalgaon,Other,Vegetables,1719,501,1491,1151,07-22-2022
Maharashtra,Nashik,Lasalgaon,Other,Vegetables,1173,501,1401,1101,07-23-2022
Maharashtra,Nashik,Lasalgaon,Other,Vegetables,1249,400,1421,1001,07-25-2022
Maharashtra,Nashik,Lasalgaon,Other,Vegetables,1511,501,1381,1101,07-26-2022
Maharashtra,Nashik,Lasalgaon,Other,Vegetables,1594,551,1501,1151,07-27-2022
Maharashtra,Nashik,Lasalgaon,Other,Vegetables,683,501,1426,1125,07-28-2022
Maharashtra,Nashik,Lasalgaon,Other,Vegetables,2064,600,1431,1200,07-29-2022
Maharashtra,Nashik,Lasalgaon,Other,Vegetables,1298,500,1451,1251,07-30-2022
Maharashtra,Nashik,Lasalgaon,Other,Vegetables,1500,500,1401,1150,08-01-2022
Maharashtra,Nashik,Lasalgaon,Other,Vegetables,1858,500,1345,1120,08-02-2022
Maharashtra,Nashik,Lasalgaon,Other,Vegetables,2207,600,1496,1151,08-03-2022
Maharashtra,Nashik,Lasalgaon,Other,Vegetables,2055,500,1475,1160,08-04-2022
Maharashtra,Nashik,Lasalgaon,Other,Vegetables,2054,500,1476,1101,08-05-2022
Maharashtra,Nashik,Lasalgaon,Other,Vegetables,1567,600,1501,1151,08-06-2022
Maharashtra,Nashik,Lasalgaon,Other,Vegetables,2073,500,1455,1130,08-08-2022
Maharashtra,Nashik,Lasalgaon,Other,Vegetables,1977,500,1441,1151,08-09-2022
Maharashtra,Nashik,Lasalgaon,Other,Vegetables,2516,500,1425,1125,08-10-2022
Maharashtra,Nashik,Lasalgaon,Other,Vegetables,2138,500,1420,1140,08-12-2022
Maharashtra,Nashik,Lasalgaon,Other,Vegetables,525,500,1396,1150,08-13-2022
Maharashtra,Nashik,Lasalgaon,Other,Vegetables,1847,500,1456,1151,08-14-2022
Maharashtra,Nashik,Lasalgaon,Other,Vegetables,304,551,1400,1120,08-16-2022
Maharashtra,Nashik,Lasalgaon,Other,Vegetables,1564,600,1461,1180,08-17-2022
Maharashtra,Nashik,Lasalgaon,Other,Vegetables,2285,600,1490,1251,08-18-2022
Maharashtra,Nashik,Lasalgaon,Other,Vegetables,2469,600,1420,1200,08-19-2022
Maharashtra,Nashik,Lasalgaon,Other,Vegetables,2117,600,1473,1175,08-20-2022
Maharashtra,Nashik,Lasalgaon,Other,Vegetables,2438,551,1441,1160,08-22-2022
Maharashtra,Nashik,Lasalgaon,Other,Vegetables,1200,500,1421,1152,08-23-2022
Maharashtra,Nashik,Lasalgaon,Other,Vegetables,2950,600,1434,1180,08-25-2022
Maharashtra,Nashik,Lasalgaon,Other,Vegetables,931,501,1390,1151,08-27-2022
Maharashtra,Nashik,Lasalgaon,Other,Vegetables,1500,500,1341,1125,08-29-2022
Maharashtra,Nashik,Lasalgaon,Other,Vegetables,1800,500,1441,1150,08-30-2022
Maharashtra,Nashik,Lasalgaon,Other,Vegetables,2203,500,1490,1230,09-01-2022
Maharashtra,Nashik,Lasalgaon,Other,Vegetables,1948,600,1491,1280,09-02-2022
Maharashtra,Nashik,Lasalgaon,Other,Vegetables,1557,500,1476,1230,09-03-2022
Maharashtra,Nashik,Lasalgaon,Other,Vegetables,1726,600,1460,1290,09-05-2022
Maharashtra,Nashik,Lasalgaon,Other,Vegetables,1303,501,1471,1180,09-06-2022
Maharashtra,Nashik,Lasalgaon,Other,Vegetables,1125,500,1381,1150,09-07-2022
Maharashtra,Nashik,Lasalgaon,Other,Vegetables,1778,501,1500,1180,09-08-2022
Maharashtra,Nashik,Lasalgaon,Other,Vegetables,1282,600,1508,1251,09-10-2022
Maharashtra,Nashik,Lasalgaon,Other,Vegetables,900,600,1512,1210,09-13-2022
Maharashtra,Nashik,Lasalgaon,Other,Vegetables,1631,600,1431,1160,09-14-2022
Maharashtra,Nashik,Lasalgaon,Other,Vegetables,1677,600,1600,1151,09-15-2022
Maharashtra,Nashik,Lasalgaon,Other,Vegetables,1594,500,1460,1160,09-16-2022
Maharashtra,Nashik,Lasalgaon,Other,Vegetables,968,500,1381,1125,09-17-2022
Maharashtra,Nashik,Lasalgaon,Other,Vegetables,825,500,1385,1150,09-19-2022
Maharashtra,Nashik,Lasalgaon,Other,Vegetables,1039,500,1412,1151,09-20-2022
Maharashtra,Nashik,Lasalgaon,Other,Vegetables,600,500,1481,1150,09-22-2022
Maharashtra,Nashik,Lasalgaon,Other,Vegetables,1381,551,1476,1170,09-23-2022
Maharashtra,Nashik,Lasalgaon,Other,Vegetables,964,600,1435,1160,09-24-2022
Maharashtra,Nashik,Lasalgaon,Other,Vegetables,525,500,1471,1150,09-26-2022
Maharashtra,Nashik,Lasalgaon,Other,Vegetables,7,2251,2760,2352,09-28-2022
Maharashtra,Nashik,Lasalgaon,Other,Vegetables,923,600,1670,1451,09-29-2022
Maharashtra,Nashik,Lasalgaon,Other,Vegetables,1158,700,1701,1501,09-30-2022
Maharashtra,Nashik,Lasalgaon,Other,Vegetables,518,700,1680,1450,10-01-2022
Maharashtra,Nashik,Lasalgaon,Other,Vegetables,990,700,1739,1425,10-03-2022
Maharashtra,Nashik,Lasalgaon,Other,Vegetables,1187,700,1751,1501,10-04-2022
Maharashtra,Nashik,Lasalgaon,Other,Vegetables,1058,700,1810,1560,10-06-2022
Maharashtra,Nashik,Lasalgaon,Other,Vegetables,1255,800,2061,1851,10-07-2022
Maharashtra,Nashik,Lasalgaon,Other,Vegetables,893,800,2056,1840,10-08-2022
Maharashtra,Nashik,Lasalgaon,Other,Vegetables,1265,700,2301,1950,10-10-2022
Maharashtra,Nashik,Lasalgaon,Other,Vegetables,1366,700,2401,2080,10-12-2022
Maharashtra,Nashik,Lasalgaon,Other,Vegetables,1528,800,2511,2160,10-13-2022
Maharashtra,Nashik,Lasalgaon,Other,Vegetables,1781,700,2441,1960,10-14-2022
Maharashtra,Nashik,Lasalgaon,Other,Vegetables,1108,700,2421,1900,10-15-2022
Maharashtra,Nashik,Lasalgaon,Other,Vegetables,1461,700,2599,2060,10-17-2022
Maharashtra,Nashik,Lasalgaon,Other,Vegetables,765,800,2550,1900,10-18-2022
Maharashtra,Nashik,Lasalgaon,Other,Vegetables,1719,600,2351,1850,10-19-2022
Maharashtra,Nashik,Lasalgaon,Other,Vegetables,1513,600,2380,1850,10-20-2022
Maharashtra,Nashik,Lasalgaon,Other,Vegetables,1479,600,2350,1860,10-21-2022
Maharashtra,Nashik,Lasalgaon,Other,Vegetables,1185,851,3101,2450,10-31-2022
Maharashtra,Nashik,Lasalgaon,Other,Vegetables,1127,800,2952,2470,11-01-2022
Maharashtra,Nashik,Lasalgaon,Other,Vegetables,1217,800,3151,2550,11-02-2022
Maharashtra,Nashik,Lasalgaon,Other,Vegetables,1152,1100,3091,2500,11-03-2022
Maharashtra,Nashik,Lasalgaon,Other,Vegetables,1493,1011,3260,2551,11-04-2022
Maharashtra,Nashik,Lasalgaon,Other,Vegetables,902,1000,3004,2400,11-05-2022
Maharashtra,Nashik,Lasalgaon,Other,Vegetables,1500,700,3053,2360,11-07-2022
Maharashtra,Nashik,Lasalgaon,Other,Vegetables,1160,700,2891,1800,11-08-2022
Maharashtra,Nashik,Lasalgaon,Other,Vegetables,1120,800,2870,2050,11-09-2022
Maharashtra,Nashik,Lasalgaon,Other,Vegetables,236,3000,5660,5580,11-10-2022
Maharashtra,Nashik,Lasalgaon,Other,Vegetables,1094,800,2753,2000,11-11-2022
Maharashtra,Nashik,Lasalgaon,Red,Vegetables,742,2131,3121,2131,11-12-2022
Maharashtra,Nashik,Lasalgaon,Other,Vegetables,742,700,2652,1850,11-12-2022
Maharashtra,Nashik,Lasalgaon,Other,Vegetables,750,800,2440,1851,11-15-2022
Maharashtra,Nashik,Lasalgaon,Other,Vegetables,1396,600,2464,1701,11-16-2022
Maharashtra,Nashik,Lasalgaon,Other,Vegetables,1268,600,2199,1600,11-17-2022
Maharashtra,Nashik,Lasalgaon,Other,Vegetables,630,600,1800,1600,11-18-2022
Maharashtra,Nashik,Lasalgaon,Other,Vegetables,713,700,1851,1501,11-19-2022
Maharashtra,Nashik,Lasalgaon,Other,Vegetables,798,500,1812,1400,11-21-2022
Maharashtra,Nashik,Lasalgaon,Other,Vegetables,984,500,1871,1501,11-22-2022
Maharashtra,Nashik,Lasalgaon,Red,Vegetables,675,2601,2602,2602,11-23-2022
Maharashtra,Nashik,Lasalgaon,Other,Vegetables,675,551,1855,1601,11-23-2022
Maharashtra,Nashik,Lasalgaon,Red,Vegetables,1141,1761,1761,1761,11-24-2022
Maharashtra,Nashik,Lasalgaon,Other,Vegetables,1141,600,1730,1470,11-24-2022
Maharashtra,Nashik,Lasalgaon,Red,Vegetables,764,1711,1711,1711,11-26-2022
Maharashtra,Nashik,Lasalgaon,Other,Vegetables,764,600,1744,1400,11-26-2022
Maharashtra,Nashik,Lasalgaon,Other,Vegetables,525,600,1401,1150,11-30-2022
Maharashtra,Nashik,Lasalgaon,Red,Vegetables,871,1211,2390,2311,12-01-2022
Maharashtra,Nashik,Lasalgaon,Other,Vegetables,871,500,1332,1000,12-01-2022
Maharashtra,Nashik,Lasalgaon,Red,Vegetables,521,1000,2185,2101,12-02-2022
Maharashtra,Nashik,Lasalgaon,Other,Vegetables,521,500,1397,1000,12-02-2022
Maharashtra,Nashik,Lasalgaon,Red,Vegetables,868,1250,1800,1616,12-03-2022
Maharashtra,Nashik,Lasalgaon,Other,Vegetables,868,500,1591,1151,12-03-2022
Maharashtra,Nashik,Lasalgaon,Red,Vegetables,332,1001,2501,2175,12-06-2022
Maharashtra,Nashik,Lasalgaon,Other,Vegetables,332,500,1141,900,12-06-2022
Maharashtra,Nashik,Lasalgaon,Red,Vegetables,580,1300,2400,2000,12-07-2022
Maharashtra,Nashik,Lasalgaon,Other,Vegetables,580,500,1275,925,12-07-2022
Maharashtra,Nashik,Lasalgaon,Red,Vegetables,545,700,2231,2051,12-08-2022
Maharashtra,Nashik,Lasalgaon,Other,Vegetables,545,500,1361,1051,12-08-2022
Maharashtra,Nashik,Lasalgaon,Red,Vegetables,711,1092,2375,2060,12-09-2022
Maharashtra,Nashik,Lasalgaon,Other,Vegetables,711,600,1360,1100,12-09-2022
Maharashtra,Nashik,Lasalgaon,Red,Vegetables,470,786,2151,1951,12-10-2022
Maharashtra,Nashik,Lasalgaon,Other,Vegetables,470,500,1275,1060,12-10-2022
Maharashtra,Nashik,Lasalgaon,Red,Vegetables,828,800,2412,1850,12-12-2022
Maharashtra,Nashik,Lasalgaon,Other,Vegetables,828,499,1352,1070,12-12-2022
Maharashtra,Nashik,Lasalgaon,Red,Vegetables,738,1000,2323,1725,12-13-2022
Maharashtra,Nashik,Lasalgaon,Other,Vegetables,738,500,1352,1051,12-13-2022
Maharashtra,Nashik,Lasalgaon,Red,Vegetables,560,830,2200,1850,12-14-2022
Maharashtra,Nashik,Lasalgaon,Other,Vegetables,560,400,1471,1100,12-14-2022
Maharashtra,Nashik,Lasalgaon,Red,Vegetables,765,890,2300,1900,12-15-2022
Maharashtra,Nashik,Lasalgaon,Other,Vegetables,765,400,1500,1101,12-15-2022
Maharashtra,Nashik,Lasalgaon,Red,Vegetables,1087,800,2191,1725,12-16-2022
Maharashtra,Nashik,Lasalgaon,Other,Vegetables,1087,400,1268,951,12-16-2022
Maharashtra,Nashik,Lasalgaon,Red,Vegetables,607,800,2051,1651,12-17-2022
Maharashtra,Nashik,Lasalgaon,Other,Vegetables,607,600,1260,950,12-17-2022
Maharashtra,Nashik,Lasalgaon,Red,Vegetables,1172,1000,2141,1851,12-19-2022
Maharashtra,Nashik,Lasalgaon,Other,Vegetables,1172,500,1491,1301,12-19-2022
Maharashtra,Nashik,Lasalgaon,Red,Vegetables,1313,900,2111,1800,12-20-2022
Maharashtra,Nashik,Lasalgaon,Other,Vegetables,1313,400,1578,1451,12-20-2022
Maharashtra,Nashik,Lasalgaon,Red,Vegetables,1233,920,2135,1825,12-21-2022
Maharashtra,Nashik,Lasalgaon,Other,Vegetables,1233,400,1530,1370,12-21-2022
Maharashtra,Nashik,Lasalgaon,Red,Vegetables,900,1000,2060,1750,12-22-2022
Maharashtra,Nashik,Lasalgaon,Other,Vegetables,900,700,1900,1400,12-22-2022
Maharashtra,Nashik,Lasalgaon,Red,Vegetables,720,800,2151,1850,12-23-2022
Maharashtra,Nashik,Lasalgaon,Other,Vegetables,720,700,1815,1400,12-23-2022
Maharashtra,Nashik,Lasalgaon,Red,Vegetables,859,1100,2151,1850,12-24-2022
Maharashtra,Nashik,Lasalgaon,Other,Vegetables,859,618,1671,1400,12-24-2022
Maharashtra,Nashik,Lasalgaon,Red,Vegetables,1100,1300,2169,1850,12-26-2022
Maharashtra,Nashik,Lasalgaon,Other,Vegetables,1100,900,1640,1400,12-26-2022
Maharashtra,Nashik,Lasalgaon,Red,Vegetables,2054,700,2025,1651,12-28-2022
Maharashtra,Nashik,Lasalgaon,Other,Vegetables,2054,700,1561,1301,12-28-2022
Maharashtra,Nashik,Lasalgaon,Red,Vegetables,1963,700,1900,1601,12-29-2022
Maharashtra,Nashik,Lasalgaon,Other,Vegetables,1963,500,1540,1221,12-29-2022
Maharashtra,Nashik,Lasalgaon,Red,Vegetables,38,700,1715,1500,12-30-2022
Maharashtra,Nashik,Lasalgaon,Other,Vegetables,38,555,1301,1001,12-30-2022
Maharashtra,Nashik,Lasalgaon,Red,Vegetables,1150,700,1808,1425,12-31-2022
Maharashtra,Nashik,Lasalgaon,Other,Vegetables,1150,600,1360,1100,12-31-2022
